classifier,C,micro_f1,macro_f1
linear SVM,0.001,0.9104477611940298,0.877345304190805
linear SVM,0.0031622776601683794,0.9328358208955224,0.9062067245988226
linear SVM,0.01,0.9477611940298507,0.9200600810186816
linear SVM,0.03162277660168379,0.9664179104477612,0.9533716216420391
linear SVM,0.1,0.9514925373134329,0.9402626127349052
linear SVM,0.31622776601683794,0.9440298507462687,0.9328350557535725
linear SVM,1.0,0.9365671641791045,0.9229998534729033
linear SVM,3.1622776601683795,0.9253731343283582,0.9105391483924554
linear SVM,10.0,0.9253731343283582,0.9105391483924554
linear SVM,31.622776601683793,0.9253731343283582,0.9073306463273291
linear SVM,100.0,0.917910447761194,0.9036220087602647
logistic regression,0.001,0.8171641791044776,0.781144706083799
logistic regression,0.0031622776601683794,0.8955223880597015,0.8594261164829898
logistic regression,0.01,0.9291044776119403,0.9081148882697134
logistic regression,0.03162277660168379,0.9514925373134329,0.9369322047124431
logistic regression,0.1,0.9402985074626866,0.9270919809141983
logistic regression,0.31622776601683794,0.9440298507462687,0.9334964623186796
logistic regression,1.0,0.9365671641791045,0.9262985060963332
logistic regression,3.1622776601683795,0.9365671641791045,0.9264384187362458
logistic regression,10.0,0.9328358208955224,0.9238347458150793
logistic regression,31.622776601683793,0.9328358208955224,0.9232086764821134
logistic regression,100.0,0.9328358208955224,0.9227358447161782
